--
-- PostgreSQL database dump
--

-- Dumped from database version 10.1
-- Dumped by pg_dump version 10.1

SET statement_timeout = 0;
SET lock_timeout = 0;
SET idle_in_transaction_session_timeout = 0;
SET client_encoding = 'UTF8';
SET standard_conforming_strings = on;
SET check_function_bodies = false;
SET client_min_messages = warning;
SET row_security = off;

--
-- Name: plpgsql; Type: EXTENSION; Schema: -; Owner: 
--

CREATE EXTENSION IF NOT EXISTS plpgsql WITH SCHEMA pg_catalog;


--
-- Name: EXTENSION plpgsql; Type: COMMENT; Schema: -; Owner: 
--

COMMENT ON EXTENSION plpgsql IS 'PL/pgSQL procedural language';


SET search_path = public, pg_catalog;

SET default_tablespace = '';

SET default_with_oids = false;

--
-- Name: firstpart; Type: TABLE; Schema: public; Owner: tanuj
--

CREATE TABLE firstpart (
    firstpart_id integer NOT NULL,
    firstnumber integer
);


ALTER TABLE firstpart OWNER TO tanuj;

--
-- Name: firstpart_firstpart_id_seq; Type: SEQUENCE; Schema: public; Owner: tanuj
--

CREATE SEQUENCE firstpart_firstpart_id_seq
    AS integer
    START WITH 1
    INCREMENT BY 1
    NO MINVALUE
    NO MAXVALUE
    CACHE 1;


ALTER TABLE firstpart_firstpart_id_seq OWNER TO tanuj;

--
-- Name: firstpart_firstpart_id_seq; Type: SEQUENCE OWNED BY; Schema: public; Owner: tanuj
--

ALTER SEQUENCE firstpart_firstpart_id_seq OWNED BY firstpart.firstpart_id;


--
-- Name: secondpart; Type: TABLE; Schema: public; Owner: tanuj
--

CREATE TABLE secondpart (
    secondpart_id integer NOT NULL,
    secondnumber integer,
    firstpart_id integer NOT NULL
);


ALTER TABLE secondpart OWNER TO tanuj;

--
-- Name: secondpart_secondpart_id_seq; Type: SEQUENCE; Schema: public; Owner: tanuj
--

CREATE SEQUENCE secondpart_secondpart_id_seq
    AS integer
    START WITH 1
    INCREMENT BY 1
    NO MINVALUE
    NO MAXVALUE
    CACHE 1;


ALTER TABLE secondpart_secondpart_id_seq OWNER TO tanuj;

--
-- Name: secondpart_secondpart_id_seq; Type: SEQUENCE OWNED BY; Schema: public; Owner: tanuj
--

ALTER SEQUENCE secondpart_secondpart_id_seq OWNED BY secondpart.secondpart_id;


--
-- Name: thirdpart; Type: TABLE; Schema: public; Owner: tanuj
--

CREATE TABLE thirdpart (
    thirdpart_id integer NOT NULL,
    thirdnumber integer,
    secondpart_id integer NOT NULL
);


ALTER TABLE thirdpart OWNER TO tanuj;

--
-- Name: thirdpart_thirdpart_id_seq; Type: SEQUENCE; Schema: public; Owner: tanuj
--

CREATE SEQUENCE thirdpart_thirdpart_id_seq
    AS integer
    START WITH 1
    INCREMENT BY 1
    NO MINVALUE
    NO MAXVALUE
    CACHE 1;


ALTER TABLE thirdpart_thirdpart_id_seq OWNER TO tanuj;

--
-- Name: thirdpart_thirdpart_id_seq; Type: SEQUENCE OWNED BY; Schema: public; Owner: tanuj
--

ALTER SEQUENCE thirdpart_thirdpart_id_seq OWNED BY thirdpart.thirdpart_id;


--
-- Name: firstpart firstpart_id; Type: DEFAULT; Schema: public; Owner: tanuj
--

ALTER TABLE ONLY firstpart ALTER COLUMN firstpart_id SET DEFAULT nextval('firstpart_firstpart_id_seq'::regclass);


--
-- Name: secondpart secondpart_id; Type: DEFAULT; Schema: public; Owner: tanuj
--

ALTER TABLE ONLY secondpart ALTER COLUMN secondpart_id SET DEFAULT nextval('secondpart_secondpart_id_seq'::regclass);


--
-- Name: thirdpart thirdpart_id; Type: DEFAULT; Schema: public; Owner: tanuj
--

ALTER TABLE ONLY thirdpart ALTER COLUMN thirdpart_id SET DEFAULT nextval('thirdpart_thirdpart_id_seq'::regclass);


--
-- Data for Name: firstpart; Type: TABLE DATA; Schema: public; Owner: tanuj
--

COPY firstpart (firstpart_id, firstnumber) FROM stdin;
277	166
278	914
279	659
280	837
281	372
282	935
283	626
284	213
285	393
286	381
287	599
288	741
289	259
290	244
291	562
292	688
293	738
294	239
295	358
296	582
297	446
298	168
299	546
300	994
301	766
302	968
303	621
304	444
305	293
306	155
307	273
308	585
309	215
310	183
311	463
312	361
313	746
314	489
315	373
316	794
317	487
318	579
319	228
320	588
321	141
322	855
323	172
324	396
325	682
326	548
327	391
328	268
329	286
330	672
331	326
332	252
333	182
334	881
335	486
336	341
337	877
338	952
339	295
340	594
341	915
342	939
343	644
344	243
345	275
346	584
347	714
348	418
349	271
350	298
469	147
470	751
471	134
472	923
473	597
474	542
475	426
476	532
477	676
478	578
479	181
480	342
481	745
482	949
483	657
484	739
485	434
486	214
487	261
488	828
489	917
490	671
491	663
492	232
493	128
494	428
495	449
496	835
497	874
498	942
499	336
500	322
501	891
502	667
503	572
504	142
505	931
506	219
507	289
508	345
509	379
510	558
528	943
529	522
530	976
531	938
532	118
533	571
534	681
535	452
536	468
537	887
538	628
539	894
540	742
541	995
542	479
543	695
544	964
545	253
546	422
547	961
548	384
549	495
550	633
551	573
552	432
553	283
554	151
555	162
556	247
557	242
558	398
559	484
560	575
561	169
562	916
563	198
564	756
565	736
566	386
567	673
568	824
569	868
570	359
571	467
572	414
573	312
592	872
593	553
594	725
595	153
596	959
597	443
598	711
599	715
600	186
601	173
602	389
603	385
604	785
605	912
606	325
607	999
608	156
609	684
610	111
611	982
351	493
352	586
353	818
354	921
355	693
356	683
357	983
358	748
359	698
360	236
361	631
362	661
363	377
244	176
245	953
246	455
247	165
248	235
249	368
250	137
251	258
252	612
253	786
254	724
255	989
256	544
257	946
258	442
259	346
260	613
261	834
262	779
263	791
264	423
265	125
266	947
267	375
268	753
269	838
270	127
271	957
272	265
273	888
274	679
275	697
276	284
364	483
365	817
366	936
367	687
368	262
369	587
370	774
371	338
372	799
373	559
374	677
375	354
376	535
377	315
378	337
379	814
380	525
381	954
382	978
383	188
384	413
385	197
386	462
387	554
388	984
389	822
390	641
391	973
392	185
393	685
394	699
395	436
396	823
397	419
398	435
399	174
400	387
401	356
402	199
403	555
404	464
405	497
406	245
407	218
408	238
409	844
410	892
411	675
412	331
413	979
414	974
415	789
416	636
417	145
418	787
419	217
420	765
421	899
422	116
423	115
424	515
425	945
426	472
427	388
428	123
429	656
430	159
431	367
432	537
433	278
434	862
435	157
436	985
437	638
438	716
439	967
440	882
441	274
442	383
443	431
444	412
445	421
446	776
447	788
448	615
449	816
450	282
451	131
452	792
453	395
454	476
455	878
456	869
457	526
458	782
459	858
460	734
461	126
462	848
463	556
464	812
465	454
466	941
467	829
468	189
511	123
512	778
513	639
514	269
515	895
516	272
517	821
518	928
519	853
520	732
521	833
522	757
523	793
524	634
525	922
526	231
527	313
574	417
575	561
576	357
577	212
578	433
579	323
580	981
581	729
582	769
583	175
584	944
585	411
586	521
587	668
588	288
589	564
590	635
591	649
\.


--
-- Data for Name: secondpart; Type: TABLE DATA; Schema: public; Owner: tanuj
--

COPY secondpart (secondpart_id, secondnumber, firstpart_id) FROM stdin;
331	554	278
332	397	279
333	977	280
334	395	281
335	577	282
336	758	283
337	672	284
338	688	258
339	159	285
340	765	286
341	997	287
342	559	288
343	975	289
344	444	290
345	561	250
346	443	291
347	145	292
348	672	293
349	928	294
350	615	295
351	481	277
352	799	296
353	119	297
354	112	298
355	512	299
356	589	300
357	485	301
358	279	302
359	329	303
360	635	304
361	114	305
362	286	306
363	496	307
364	537	284
365	524	308
366	717	309
367	688	310
368	871	311
369	319	312
370	742	258
371	593	313
372	643	314
373	384	315
374	242	267
375	716	316
376	841	317
377	973	318
378	424	319
379	525	320
380	124	321
381	785	322
382	441	323
383	744	324
384	822	325
385	3961	291
386	723	326
387	722	327
388	837	328
389	748	329
390	896	330
391	924	331
392	283	332
393	398	333
394	365	334
395	184	335
396	735	336
397	546	337
398	259	338
399	612	339
400	856	340
401	189	341
402	389	342
403	123	343
404	867	335
405	558	280
406	935	344
407	561	345
408	852	346
409	651	347
410	612	348
411	317	349
412	563	350
562	379	444
563	468	256
564	156	469
565	636	470
566	298	471
567	218	472
568	526	473
569	397	474
570	228	475
571	475	476
572	988	477
573	958	478
574	6351	457
575	731	479
576	436	290
577	152	480
578	142	481
579	256	482
580	748	483
581	958	484
582	186	485
583	824	486
584	452	487
585	385	488
586	683	448
587	824	489
588	849	490
589	643	491
590	535	492
591	234	493
592	965	494
593	1881	440
594	669	388
595	362	495
596	749	496
597	9811	428
598	879	497
599	165	498
600	737	499
601	487	301
602	6481	267
603	2872	431
604	369	500
605	1151	276
606	586	501
607	8711	378
608	987	502
609	672	503
610	575	504
611	947	505
612	534	506
613	7891	500
614	644	406
615	239	507
616	264	508
617	819	509
618	649	510
619	456	428
620	553	512
621	6362	274
622	144	437
623	445	513
624	282	514
625	678	339
626	415	370
627	594	515
628	565	516
629	533	517
630	337	518
631	786	519
632	227	298
633	2271	367
634	429	520
635	862	521
636	7531	341
637	991	454
638	8511	258
639	718	278
640	5211	261
641	548	522
642	5731	268
643	863	523
644	142	524
645	951	425
646	141	525
647	246	526
648	417	247
649	878	527
650	586	528
651	677	529
652	254	530
653	465	531
654	525	532
655	325	533
656	287	275
657	658	534
658	2371	274
659	594	535
660	752	280
661	835	536
662	6292	264
663	744	537
664	235	538
413	232	351
414	168	352
415	356	353
416	996	354
417	158	355
418	617	334
419	7221	282
420	799	356
421	385	357
422	337	337
423	751	320
424	635	358
425	541	359
426	587	360
427	788	361
428	737	362
429	838	363
430	714	364
431	934	365
432	986	366
433	731	367
434	553	368
435	136	369
436	393	370
437	272	371
438	758	372
439	5851	369
440	7581	265
441	758	373
442	362	374
443	196	375
444	739	246
445	412	347
446	611	376
447	493	377
448	617	378
449	378	379
450	8421	354
451	282	269
452	132	294
453	223	380
454	537	381
455	911	382
456	853	383
457	831	384
458	344	385
459	972	386
460	627	387
461	647	388
462	2261	374
463	2341	244
464	364	389
465	897	390
466	628	391
467	887	392
468	737	393
469	155	394
470	828	395
471	943	396
472	589	397
473	237	398
474	923	338
475	428	328
476	372	399
477	937	400
478	693	401
479	747	319
480	375	402
481	467	403
482	694	404
483	967	340
484	713	405
485	817	406
486	981	407
487	495	408
488	564	409
489	526	410
490	388	411
491	791	412
492	629	413
493	941	332
494	768	414
495	737	415
496	491	416
497	817	417
498	148	418
499	694	419
500	378	420
501	231	421
502	672	422
503	891	423
504	749	411
505	775	301
506	232	424
507	333	425
508	537	426
509	952	427
510	782	428
511	981	429
512	883	430
513	955	431
514	319	432
515	375	433
516	986	434
517	635	435
518	8151	279
519	695	436
520	925	274
295	445	244
296	628	245
297	993	246
298	645	247
299	448	248
300	771	249
301	721	250
302	566	251
303	963	252
304	973	253
305	818	254
306	823	255
307	118	256
308	196	257
309	425	258
310	588	251
311	668	259
312	124	260
313	838	261
314	485	262
315	222	263
316	164	264
317	787	265
318	292	264
319	332	266
320	578	267
321	624	268
322	536	269
323	352	270
324	719	271
325	746	272
326	354	273
327	393	274
328	119	275
329	217	276
330	171	277
521	214	437
522	741	438
523	368	272
524	518	439
525	623	440
526	864	441
527	665	442
528	836	443
529	792	388
530	914	444
531	579	445
532	621	446
533	642	440
534	653	447
535	457	448
536	687	449
537	281	450
538	313	451
539	132	452
540	143	453
541	449	454
542	763	455
543	844	301
544	626	456
545	949	457
546	149	393
547	9381	381
548	749	458
549	116	459
550	195	460
551	555	334
552	913	461
553	7812	244
554	511	401
555	927	462
556	364	463
557	113	464
558	289	465
559	942	466
560	438	467
561	455	468
665	2331	276
666	369	539
667	363	540
668	129	343
669	425	541
670	316	542
671	185	307
672	833	369
673	515	350
674	425	543
675	575	544
676	386	545
677	868	546
678	6281	272
679	7551	275
680	974	416
681	5471	404
682	589	547
683	9511	402
684	626	548
685	376	549
686	752	550
687	8821	384
688	234	551
689	3791	460
690	827	299
691	5591	287
692	117	552
693	534	553
694	484	339
695	535	554
696	3271	385
697	344	555
698	776	550
699	297	556
700	5191	345
701	421	557
702	932	558
703	9521	503
704	349	390
705	583	559
706	624	560
707	2842	407
708	517	561
709	767	562
710	154	563
711	2581	479
712	6211	472
713	498	564
714	873	377
715	475	565
716	7751	457
717	9321	403
718	2911	563
719	682	566
720	489	567
721	847	568
722	9721	488
723	442	569
724	431	570
725	592	571
726	396	321
727	1262	384
728	1281	368
729	726	572
730	3631	250
731	596	440
732	262	432
733	953	332
734	574	573
735	632	324
736	624	574
737	958	575
738	336	576
739	874	577
740	3791	428
741	8161	566
742	364	578
743	882	368
744	278	312
745	448	579
746	3461	553
747	512	580
748	753	573
749	542	394
750	532	581
751	634	580
752	522	443
753	629	582
754	2561	566
755	999	583
756	447	431
757	3891	392
758	972	584
759	287	585
760	5641	405
761	846	494
762	238	586
763	548	587
764	249	562
765	588	588
766	262	589
767	3141	582
768	985	590
769	2161	411
770	134	591
771	1472	345
772	933	558
773	998	592
774	9261	438
775	9641	552
776	782	593
777	285	594
778	728	261
779	153	595
780	781	596
781	514	597
782	355	299
783	225	395
784	121	334
785	886	363
786	872	598
787	6761	388
788	579	599
789	4771	324
790	159	600
791	2411	370
792	763	601
793	4531	456
794	197	602
795	571	603
796	795	567
797	7451	587
798	2241	264
799	422	604
800	585	605
801	538	461
802	938	459
803	1511	408
804	2541	561
805	777	528
806	252	512
807	2581	319
808	8711	347
809	833	606
810	116	607
811	341	608
812	593	609
813	4751	270
814	834	298
815	6761	575
816	5871	530
817	367	432
818	111	610
819	723	611
\.


--
-- Data for Name: thirdpart; Type: TABLE DATA; Schema: public; Owner: tanuj
--

COPY thirdpart (thirdpart_id, thirdnumber, secondpart_id) FROM stdin;
330	4381	331
331	5131	332
332	7926	333
333	1972	334
334	8719	335
335	6943	336
336	6321	337
337	4876	338
338	3715	339
339	2745	340
340	5866	341
341	3952	342
342	1528	343
343	9759	344
344	7514	345
345	8843	346
346	4676	347
347	3363	337
348	3885	349
349	7811	350
350	7985	351
351	6915	352
352	7715	353
353	5555	354
354	6955	355
355	6154	356
356	7969	357
357	5641	358
358	1462	359
359	5739	360
360	5375	361
361	3881	362
362	6218	363
363	9942	364
364	7899	365
365	8378	366
366	3128	338
367	8386	368
368	9975	369
369	8824	370
370	7845	371
371	6839	372
372	6258	373
373	4174	374
374	1758	375
375	4611	376
376	7893	377
377	3213	378
378	2474	379
379	9226	380
380	7511	381
381	2693	382
382	9381	383
383	3691	384
384	3961	318
385	2364	386
386	3372	387
387	6942	388
388	5713	389
389	9953	390
390	2961	391
391	1947	392
392	7313	393
393	2422	394
394	5457	395
395	2423	396
396	1533	397
397	9687	398
398	8462	399
399	3535	400
400	7653	401
401	6797	402
402	4113	403
403	1452	404
404	1451	405
405	6725	406
406	6955	345
407	3254	408
408	3472	409
409	6965	399
410	7345	411
411	5299	412
561	3419	562
562	8452	563
563	8385	564
564	6328	565
565	9922	566
566	4497	567
567	5655	568
568	6864	332
569	4979	570
570	2379	571
571	6966	572
572	1541	573
573	6351	447
574	8518	575
575	3229	576
576	3232	577
577	7892	578
578	1282	579
579	9824	389
580	3512	573
581	7461	582
582	4952	583
583	9214	584
584	7923	585
585	4778	586
586	7492	583
587	9461	588
588	5475	372
589	6362	590
590	6968	591
591	9771	592
592	1881	560
593	7633	594
594	3581	595
595	5775	596
596	9811	340
597	3128	598
598	1939	599
599	4116	600
600	5683	601
601	6481	392
602	2872	391
603	4849	604
604	1151	343
605	9412	606
606	8711	404
607	4543	608
608	6766	337
609	6511	610
610	4795	611
611	6991	612
612	7891	425
613	6195	614
614	5979	615
615	7982	616
616	1893	617
617	3484	618
618	7899	619
619	5869	620
620	6362	549
621	8682	622
622	9741	623
623	1182	624
624	8791	625
625	2528	626
626	5162	627
627	9119	628
628	5594	629
629	9929	630
630	5125	631
631	1782	632
632	2271	380
633	3995	634
634	1657	635
635	7531	529
636	3642	637
637	8511	345
638	8363	639
639	5211	406
640	8148	641
641	5731	333
642	8835	643
643	7569	578
644	3284	645
645	3376	646
646	1782	647
647	8328	648
648	9546	649
649	8637	606
650	3445	651
651	1151	652
652	4265	653
653	8135	379
654	8863	655
655	1596	656
656	5282	657
657	2371	622
658	3463	627
659	5856	660
660	7556	661
661	6292	322
662	4261	383
663	1415	664
412	5482	413
413	5135	414
414	2381	415
415	3536	416
416	4246	417
417	2823	418
418	7221	400
419	5254	352
420	4253	421
421	1537	422
422	3927	423
423	2114	360
424	1287	425
425	5237	426
426	9119	427
427	8728	428
428	9615	429
429	1844	430
430	4897	431
431	4413	432
432	8239	433
433	8585	434
434	4467	435
435	7436	436
436	3537	437
437	2559	336
438	5851	384
439	7581	296
440	8134	336
441	9767	442
442	8267	443
443	4262	444
444	8484	445
445	9713	446
446	7775	447
447	5553	418
448	3391	449
449	8421	335
450	6583	451
451	7341	452
452	4989	453
453	8568	364
454	5767	455
455	2157	456
456	8211	457
457	7546	458
458	9746	459
459	2632	460
460	6768	461
461	2261	329
462	2341	356
463	4213	464
464	5861	465
465	9946	466
466	6984	467
467	2994	428
468	3587	469
469	3326	470
470	8559	471
471	5155	356
472	3296	473
473	1179	474
474	3272	475
475	2282	476
476	2235	477
477	9965	478
478	7871	479
479	4567	480
480	5777	481
481	2863	482
482	5335	483
483	5154	484
484	1861	485
485	5979	486
486	8112	487
487	4389	488
488	2561	489
489	8278	490
490	2971	491
491	3868	492
492	6783	493
493	2361	494
494	1732	428
495	9939	496
496	5879	485
497	4139	498
498	7883	482
499	4594	449
500	1357	501
501	2847	337
502	3357	503
503	3594	504
504	5957	505
505	9166	413
506	1321	507
507	3159	364
508	5818	509
509	7144	510
510	8244	486
511	9432	512
512	6698	513
513	8972	369
514	7465	480
515	4495	432
516	7133	360
517	8151	446
518	3811	519
519	5243	520
294	6883	295
295	8127	296
296	6589	297
297	4484	298
298	3917	299
299	9113	300
300	5624	301
301	9122	302
302	2773	303
303	4668	304
304	2231	305
305	8439	306
306	5931	307
307	5146	308
308	8679	309
309	7398	310
310	1563	311
311	1668	312
312	5463	313
313	1229	314
314	5359	315
315	1556	316
316	4466	317
317	4998	318
318	4548	319
319	3967	320
320	7583	321
321	7461	322
322	7526	323
323	1783	324
324	5974	325
325	7232	326
326	7433	327
327	9546	328
328	4734	329
329	8639	330
520	8397	521
521	1531	522
522	2918	523
523	5951	524
524	9186	525
525	3821	526
526	6234	527
527	8244	528
528	7667	529
529	7123	530
530	4758	531
531	7685	532
532	8431	533
533	4843	534
534	2857	535
535	3126	536
536	3895	537
537	5167	538
538	5194	452
539	6171	540
540	6941	541
541	4253	542
542	3518	543
543	9647	544
544	9726	545
545	6717	546
546	9381	481
547	9757	504
548	9441	549
549	2834	550
550	8775	551
551	7899	552
552	7812	533
553	4589	554
554	1788	555
555	6526	464
556	6745	557
557	3561	558
558	6645	559
559	9287	560
560	2179	561
664	2331	536
665	6755	604
666	7569	667
667	8688	668
668	2992	309
669	9755	670
670	9871	671
671	2191	672
672	7816	673
673	1946	309
674	5947	610
675	1568	676
676	1541	677
677	6281	490
678	7551	653
679	6624	680
680	5471	657
681	6757	356
682	9511	393
683	8482	544
684	9856	685
685	6671	660
686	8821	445
687	2887	591
688	3791	459
689	8849	690
690	5591	594
691	9873	692
692	1794	612
693	1725	694
694	1414	590
695	3271	482
696	4547	458
697	4857	698
698	9416	699
699	5191	494
700	4527	701
701	3747	702
702	9521	612
703	4178	704
704	6251	705
705	4236	321
706	2842	529
707	3893	708
708	8225	709
709	9845	710
710	2581	455
711	6211	315
712	2439	713
713	5334	714
714	9118	571
715	7751	490
716	9321	392
717	2911	598
718	8815	719
719	7893	720
720	7763	721
721	9721	692
722	9818	723
723	2164	724
724	4161	725
725	3476	726
726	1262	356
727	1281	690
728	3258	729
729	3631	310
730	1572	731
731	2692	732
732	9463	733
733	8576	734
734	5769	735
735	6644	321
736	4553	573
737	8166	738
738	9182	739
739	3791	352
740	8161	739
741	1151	464
742	6132	743
743	9698	744
744	2237	299
745	3461	641
746	6986	355
747	4526	748
748	1951	749
749	5846	750
750	7653	751
751	3328	752
752	4826	492
753	2561	651
754	1164	755
755	3942	756
756	3891	651
757	9449	459
758	9373	656
759	5641	635
760	9853	761
761	7945	762
762	1116	641
763	7956	764
764	8519	310
765	1844	732
766	3141	487
767	3263	768
768	2161	325
769	8213	770
770	1472	490
771	9911	772
772	9286	773
773	9261	520
774	9641	755
775	4952	510
776	4194	777
777	9874	778
778	6256	779
779	2586	780
780	5818	781
781	7559	782
782	7393	783
783	4858	784
784	8514	785
785	8446	786
786	6761	501
787	6193	531
788	4771	398
789	5388	339
790	2411	476
791	2227	542
792	4531	731
793	9113	794
794	3522	795
795	6427	796
796	7451	573
797	2241	677
798	2732	799
799	8891	800
800	5317	801
801	4776	802
802	1511	563
803	2541	330
804	8338	805
805	3473	806
806	2581	412
807	8711	660
808	7128	672
809	7124	549
810	7149	811
811	2176	371
812	4751	780
813	1889	814
814	6761	461
815	5871	614
816	5352	817
817	1111	818
818	2728	386
\.


--
-- Name: firstpart_firstpart_id_seq; Type: SEQUENCE SET; Schema: public; Owner: tanuj
--

SELECT pg_catalog.setval('firstpart_firstpart_id_seq', 611, true);


--
-- Name: secondpart_secondpart_id_seq; Type: SEQUENCE SET; Schema: public; Owner: tanuj
--

SELECT pg_catalog.setval('secondpart_secondpart_id_seq', 819, true);


--
-- Name: thirdpart_thirdpart_id_seq; Type: SEQUENCE SET; Schema: public; Owner: tanuj
--

SELECT pg_catalog.setval('thirdpart_thirdpart_id_seq', 818, true);


--
-- Name: firstpart firstpart_pkey; Type: CONSTRAINT; Schema: public; Owner: tanuj
--

ALTER TABLE ONLY firstpart
    ADD CONSTRAINT firstpart_pkey PRIMARY KEY (firstpart_id);


--
-- Name: secondpart secondpart_pkey; Type: CONSTRAINT; Schema: public; Owner: tanuj
--

ALTER TABLE ONLY secondpart
    ADD CONSTRAINT secondpart_pkey PRIMARY KEY (secondpart_id);


--
-- Name: thirdpart thirdpart_pkey; Type: CONSTRAINT; Schema: public; Owner: tanuj
--

ALTER TABLE ONLY thirdpart
    ADD CONSTRAINT thirdpart_pkey PRIMARY KEY (thirdpart_id);


--
-- Name: secondpart secondpart_fk; Type: FK CONSTRAINT; Schema: public; Owner: tanuj
--

ALTER TABLE ONLY secondpart
    ADD CONSTRAINT secondpart_fk FOREIGN KEY (firstpart_id) REFERENCES firstpart(firstpart_id);


--
-- Name: thirdpart thirdpart_fk; Type: FK CONSTRAINT; Schema: public; Owner: tanuj
--

ALTER TABLE ONLY thirdpart
    ADD CONSTRAINT thirdpart_fk FOREIGN KEY (secondpart_id) REFERENCES secondpart(secondpart_id);


--
-- PostgreSQL database dump complete
--

